Best_dup0,EW_dup0,MV_dup0,UCB_dup0
1.0,1.0,1.0,1.0
1.117083,1.05642656,1.0,1.0564710213145319
0.8766241817520001,0.7596867345333504,1.0,0.7593927389888608
1.1279987957419313,0.9036475226647672,1.0,0.9029305440359087
1.1053553479162077,0.8426424591391732,1.0,0.841773896675164
1.5434231472702717,1.0880362905042078,1.0,1.0868429763914456
1.9751355792163867,1.225920387748354,1.0,1.2250009008384217
1.9826450446885675,1.1524837355033557,1.0,1.1514085356288237
2.015779008675403,1.1292884790478197,1.0,1.1281937875767654
2.4651606546374274,1.2827664173405369,1.0,1.2816680977914845
2.476813469051898,1.2344474797960936,1.0,1.2334094922605816
2.7939694337639938,1.289929721775529,1.0,1.288587941393753
2.785640610881943,1.187019283363844,1.0,1.1859907543847557
3.018369741358686,1.238666777267633,1.0,1.237658159515881
2.7754241792464667,1.001394755494869,1.0,1.000599514564541
2.899943585048359,1.0046794104044725,1.0,1.0037688843327839
3.23549315733072,1.0906226610215257,1.0,1.0893143514064565
3.125120779254697,0.9925927411341089,1.0,0.9914858439691828
3.9667720572820135,1.1385251949729025,1.0,1.1376208419712175
3.770210568299575,1.0060752762848,1.0,1.0050956368005979
8.047405121928962,1.4144765642925035,1.0,1.4135042392839505
8.36199428295541,1.3814739405153682,1.0,1.3808001136910946
8.207188682795056,1.2565205619980326,1.0,1.255556993013567
9.332673295621474,1.2915989470489766,1.0,1.290645990627708
9.241801055742007,1.2464250672201072,1.0,1.2454262431883192
10.374633303751695,1.2859494553866702,1.0,1.2848859086132676
11.342545092458513,1.3180059120384182,1.0,1.3167961785405833
13.668526786933704,1.3517783900880176,1.0,1.350725665552791
11.031362234243076,0.9762418088181062,1.0,0.9758404889065244
13.055473796517635,1.0423333011757472,1.0,1.042326476550461
14.017492494161631,1.0814240937430695,1.0,1.0815182210676775
14.760335491397234,1.105035172037472,1.0,1.1050876104746712
15.891641405135376,1.146218639461323,1.0,1.1463678092678997
17.726315513716848,1.216238339372535,1.0,1.216429500913923
19.207012374893132,1.2166669904128633,1.0,1.2167639167156186
19.66442737460121,1.2042150364328226,1.0,1.2041096565641833
19.93693700915843,1.1649563738614748,1.0,1.1647913998691757
20.13241867653323,1.1408547312374195,1.0,1.1407720260182719
21.178700475152663,1.156131049893824,1.0,1.1559014294063596
21.07367529949638,1.0881044838990395,1.0,1.087859757007511
21.9139459547132,1.1028408570212016,1.0,1.1026757637500406
24.982490064913822,1.1692327588865636,1.0,1.1686978677672872
31.932343993582133,1.3220991384002898,1.0,1.3215062942126898
32.73394162485303,1.3095411004082462,1.0,1.3089645035024307
32.99535488266911,1.2784925094972948,1.0,1.2777074672511728
32.89198043582171,1.2079560833000142,1.0,1.2068336308598389
33.12554638889648,1.1708381054088581,1.0,1.1697267161370724
32.003551007158165,1.0709194839961296,1.0,1.0697984517228791
43.07063497384152,1.1726657450258688,1.0,1.1719802146052947
43.34322902259097,1.1480322593195575,1.0,1.1474632478966378
43.98657257097328,1.0883998819098506,1.0,1.0878794414939919
43.9142586456666,1.0382326579769374,1.0,1.037712611512859
47.53397924305296,1.0570954350242878,1.0,1.0563927637209416
50.246981108350205,1.0797073829205357,1.0,1.0790231471741045
54.94220976405777,1.131575273135474,1.0,1.1310044618571664
58.16242762053896,1.160205711751184,1.0,1.1596873464516757
63.43781796814946,1.2064426938581767,1.0,1.2058480418108575
75.85075924779522,1.324698061937032,1.0,1.3237611211805786
82.40161007023106,1.304430128601473,1.0,1.3031101855307898
88.08690915702664,1.3496462162756477,1.0,1.3484118587517142
116.80746971385688,1.5457247620667252,1.0,1.543906691477856
148.1992435845165,1.7222525891358125,1.0,1.7205010302515
179.15776917083483,1.9155635931684942,1.0,1.913100443363447
205.34723102599662,1.9775338377260008,1.0,1.9745864709376588
238.8284810030923,2.145417284791931,1.0,2.1421332258763837
246.74062975024373,2.1635863946933767,1.0,2.1599923548974305
242.36221727532566,2.0237461901802343,1.0,2.021091696114694
248.39703648548127,2.0273335636267955,1.0,2.024642964742575
269.43477509358263,2.0993810249043072,1.0,2.0963007518064165
280.49210882864816,2.0921832550728023,1.0,2.0896390321733693
268.51172987635897,1.9126033833681948,1.0,1.9100211656865393
310.8093086368623,2.088078929477941,1.0,2.0852480788189642
339.17842828269187,2.1783839164505316,1.0,2.175105584886445
359.60918008872807,2.215607182325915,1.0,2.2127112362560006
410.5086230476667,2.3156088783730575,1.0,2.3131955655190453
415.9963023205679,2.255340618719997,1.0,2.2531257401213103
465.18786506997503,2.400978066396719,1.0,2.398702338096229
584.264794019127,2.6325623889694385,1.0,2.6318958724923798
589.640030124103,2.598133106231523,1.0,2.597561292506928
631.9313716447241,2.6669346847189366,1.0,2.6663398407632855
650.591673118021,2.675566485519498,1.0,2.675077340393182
659.245843553837,2.678145624588879,1.0,2.67778360133916
691.6477767645081,2.7416044994151623,1.0,2.7413700508417373
797.1295959033098,2.9270912610768542,1.0,2.9264502275256423
970.0875871040264,3.0584314851324788,1.0,3.057612865016553
1109.2815746272347,3.307705640222198,1.0,3.307135205488573
1092.413839003453,3.1271164230816937,1.0,3.126927477020962
1261.1983316125204,3.3991825566305893,1.0,3.3994892486267063
1376.7934646964661,3.4907984126353147,1.0,3.4911487266203425
1628.122981296412,3.6228681627234676,1.0,3.623830882365719
1628.8816866056964,3.4966272927871973,1.0,3.4973825887217296
1818.29130688758,3.707091667246618,1.0,3.7075595893934135
2088.3512049517512,3.9482135133960066,1.0,3.947967787102733
2423.101372998287,4.207509119388938,1.0,4.2060294751109435
2839.4604588192096,4.596616196742731,1.0,4.595087327708212
3008.6156367324465,4.70725913883875,1.0,4.705391854888003
4083.6060381994967,5.162854603817838,1.0,5.161398967171803
3905.4954772373876,4.824402844207823,1.0,4.822951206274988
4263.387271780468,5.104816242148445,1.0,5.103961053389182
4916.683156984476,5.3924019867367186,1.0,5.39279444088673
5473.468024414025,5.703334787566501,1.0,5.703000791640424
5420.638111042381,5.419259666466516,1.0,5.418502537641564
5354.7231516121055,5.199627477163188,1.0,5.1993540857251155
5085.551928226869,4.807472404775936,1.0,4.807413449223097
4760.229171378196,4.181591033778289,1.0,4.180364583021043
4899.50871670355,4.121981115482648,1.0,4.121269915307945
5009.198917853109,4.11771898700924,1.0,4.117025455689225
5432.601456384643,4.319726209782699,1.0,4.319218481299482
5780.592175274817,4.431181711978931,1.0,4.430157764842049
5859.919241696113,4.399126720721744,1.0,4.398267562321152
5897.985277090172,4.283553919305356,1.0,4.282678043775242
5756.634161939428,3.964156032919212,1.0,3.964010291117023
5863.995389059599,3.8247198572198635,1.0,3.8249138559200997
6321.299069475412,4.030208898111979,1.0,4.030581252689718
6964.301610822451,4.281186610658072,1.0,4.281793697615057
6987.513628091322,4.205274493399991,1.0,4.205677571969217
7214.656733599687,4.228384831694941,1.0,4.228753209288698
7784.996992360943,4.369793183402775,1.0,4.370410404287119
7678.295823583644,4.243470852473513,1.0,4.2436195028033
8253.968374661004,4.339807146199372,1.0,4.3400420207068136
8453.433774403062,4.243905914290372,1.0,4.24377917291429
8217.59142553099,3.9931810455611942,1.0,3.9929198605562317
9402.518803544006,4.37374206065562,1.0,4.373949351762819
10135.238288866583,4.5394029646431076,1.0,4.54034655466323
11501.772467354465,4.929793072211363,1.0,4.930398764287211
11963.879179775364,4.8817973956272045,1.0,4.8825236788313084
11648.164372100271,4.631121395343455,1.0,4.631881744833447
11834.535002053875,4.615074189218879,1.0,4.6155846488585
11728.107028780405,4.433059355255438,1.0,4.433494108671171
12712.29458631457,4.662734741872229,1.0,4.6629739105040136
11835.934422123217,4.163099214097521,1.0,4.163016733412656
12614.727071164501,4.227936153877719,1.0,4.228025347813611
13295.733112101316,4.289752808383565,1.0,4.290250667099787
13147.977630026533,4.12154971327561,1.0,4.121986144862089
14202.866171238822,4.35470363734976,1.0,4.355195708970942
14150.826869587403,4.232535910566822,1.0,4.233179567995767
13963.97935160137,4.048459876390416,1.0,4.049870122242659
14160.25704536748,4.009220260007699,1.0,4.010552844695694
15963.28257495412,4.26596591439428,1.0,4.26748534381617
16716.941071882855,4.375313541652946,1.0,4.376875878060747
18425.261996959634,4.564671861359435,1.0,4.566288801892253
20098.939095715457,4.739400561911045,1.0,4.740860524293303
20821.47585726733,4.7683351710695785,1.0,4.770362081264715
23448.563109130464,5.093729414877876,1.0,5.09565966435681
26766.206509188898,5.319844138587836,1.0,5.320206510084138
28323.036144589365,5.421837679969201,1.0,5.422379101338644
29444.968252348837,5.428564879289,1.0,5.428747997476331
32543.933381035542,5.718165352758167,1.0,5.718843520665285
34337.65735719808,5.881821761146861,1.0,5.881837608883921
33125.09166294334,5.424863028523361,1.0,5.426021520337114
38797.53173458075,5.730649971758996,1.0,5.732540129826902
41393.55217800502,5.9848650428962085,1.0,5.986261590295923
45145.546534523746,6.30262546748374,1.0,6.304481745427792
47231.81253097716,6.2772568957670805,1.0,6.279046757132049
51161.73549261711,6.472579268064941,1.0,6.474432821723974
59052.40995764345,7.027494459872977,1.0,7.03122047145192
65708.20708396945,7.56218165695219,1.0,7.566053111129844
67508.54624986312,7.63670151241066,1.0,7.640933434047226
68403.77708168255,7.370918334993626,1.0,7.375472019154085
74459.35825539267,7.710632462420879,1.0,7.715451429337977
73470.4635184028,7.496700039475116,1.0,7.501931615498441
74970.14261974045,7.130974427653327,1.0,7.137174741915056
83139.56409087096,7.587709061159867,1.0,7.5940833038856965
93577.65322291572,7.981283833670592,1.0,7.988710155743596
97777.32472190695,8.157931034750398,1.0,8.165392554834533
98256.33583571957,7.955054058385121,1.0,7.9622889096173255
100826.42681217448,8.00775597331976,1.0,8.015004817473619
105855.3465022853,8.124517703787212,1.0,8.131649732279813
110940.8490589481,8.275837495981666,1.0,8.283081622922916
110129.87145232718,8.078388592600536,1.0,8.08587657850233
118233.66791327523,8.357163119458239,1.0,8.365360914377863
114943.10670158087,7.96104629048386,1.0,7.968730692526099
119697.49842407835,8.140984087834338,1.0,8.14856116638935
128119.05532070123,8.417228844493186,1.0,8.425416695218567
131149.71157431242,8.517391510918578,1.0,8.52602434378481
133622.67053575764,8.500723997818692,1.0,8.509922277206801
133903.94625723542,8.367288133224932,1.0,8.375642944505941
135659.025280829,8.283468657004589,1.0,8.291141784729211
147069.71287427537,8.74710997065821,1.0,8.756204169207157
154121.558536884,8.9502154149861,1.0,8.958420511728178
163004.66280627437,9.155169977860034,1.0,9.163287125621233
177433.67255322298,9.282407065385136,1.0,9.290876494612917
177557.34382299255,9.102518843309646,1.0,9.111432793465129
177616.47041848558,8.904016937986809,1.0,8.912508515252481
186302.98152077207,8.988919944936612,1.0,8.997068368126282
185883.24090340576,8.702613496213639,1.0,8.71106814115439
192185.05453651305,8.832650731910382,1.0,8.84089241016114
188181.26329535389,8.338354045284891,1.0,8.346568154790914
192818.99052926787,8.251961359624179,1.0,8.259861410196148
204297.69785446572,8.552282581189433,1.0,8.561246142901963
214401.44479955616,8.750273738496125,1.0,8.760006866661403
215944.7063992234,8.618772524688307,1.0,8.627696539028022
239863.38991412055,9.208793696176212,1.0,9.21949026595123
246729.71931380217,9.343698471955967,1.0,9.35467080918795
259198.9458684831,9.622523778057605,1.0,9.6342464190273
274032.12394369877,9.784881927458114,1.0,9.796860767500041
294432.17137856345,10.199526475411355,1.0,10.21347239917214
303760.07700000773,10.301681668740603,1.0,10.314712943333973
349225.6702850609,10.99251202937908,1.0,11.005870341451423
355363.3114403208,10.859561113987588,1.0,10.87410108867831
388730.1495680098,11.37508837110303,1.0,11.39109337783406
395924.37844606495,11.29204385594449,1.0,11.307239715425109
457359.1724007839,12.37573588461843,1.0,12.394934464444203
528586.00311462,13.504054001543688,1.0,13.523577206303976
560001.9836237343,13.687970574450153,1.0,13.709865731718141
612964.1712249491,14.288988556658987,1.0,14.311969305168944
646611.0005118289,14.281329087233075,1.0,14.30471915169397
682433.8965511848,14.610239521175322,1.0,14.632796020764108
699468.129042999,14.696849021056847,1.0,14.717972186229037
780952.6687358632,15.324456207164527,1.0,15.346838308422441
853991.2670793849,15.499158072817444,1.0,15.521385604823212
879477.7824541021,15.594573369778999,1.0,15.61781627227962
896377.82752174,15.487748047064272,1.0,15.510151798055912
908815.9662564317,15.167161574648791,1.0,15.189726668262834
1013574.2738708443,16.04753340138465,1.0,16.07077831563384
1069907.718438312,16.345728025147846,1.0,16.369173782376095
1105851.2682392471,16.000365022166587,1.0,16.025134368086725
1185237.013232338,16.550796139352546,1.0,16.576807297620935
1304252.5879160631,17.393617627411558,1.0,17.42094144025802
1332098.380668071,17.48903205626849,1.0,17.516433960190177
1314228.280891409,16.727272080851552,1.0,16.75399750178238
1385128.2681889387,17.06967599489217,1.0,17.098192289214964
1491844.0904832871,17.709557379894132,1.0,17.737888038099104
1510359.367490275,17.33074498886213,1.0,17.357621689958815
1490312.3676055768,16.725656585401797,1.0,16.753908327477337
1518644.6960261262,16.814676550985677,1.0,16.843839179298346
1609169.5877115475,16.893921431222225,1.0,16.925766161657872
1706756.0681887264,17.341765773226783,1.0,17.375907214427215
1763695.1573795704,17.271499712996192,1.0,17.303160816423105
1819214.517238722,16.864625322217304,1.0,16.896886504874434
1882223.012043285,17.198478119680928,1.0,17.232044387303624
1988960.1146102354,17.653095810905327,1.0,17.68971621927119
2124835.9248398333,18.068392657219032,1.0,18.107838151546822
2166261.7260305104,17.96110181888476,1.0,17.998386700850027
2407215.017816884,18.114810054474482,1.0,18.155393496025255
2352467.7266666745,17.249318485914593,1.0,17.28782727273177
2302113.1549773742,16.331436021105535,1.0,16.366370648715826
2248066.4444379704,15.302598666766983,1.0,15.33330101098924
2342017.637283922,15.552138143225953,1.0,15.58051525115845
2327131.7731813453,14.806963664948539,1.0,14.83240018360901
2860880.3895464456,16.331925745459028,1.0,16.357490696457972
2886874.3487658645,16.152850752599278,1.0,16.177643968757785
3123892.5065482394,16.7245007868478,1.0,16.749400959488998
3320222.9027997833,17.302807264855737,1.0,17.329431543350527
3590143.7439057943,17.97821127264273,1.0,18.007153845749738
3768932.9023523033,18.490831201944104,1.0,18.519940726393024
4150612.737373521,19.497211701674615,1.0,19.526760670526553
4343670.187626976,20.048084361316796,1.0,20.07788083745432
4848091.919175721,21.164284713910966,1.0,21.195243519363164
5358227.543279067,21.980700383035636,1.0,22.016290651046592
6022229.816897295,23.059850781392907,1.0,23.09575467078786
6586368.217224967,23.96811096890769,1.0,24.001587586602312
7570602.15176598,24.964287019139576,1.0,25.001222880038842
8027980.080764922,25.63756385433096,1.0,25.67291345873585
8321731.899900191,25.888360758979566,1.0,25.924411078149753
8853374.064057216,26.7131245824523,1.0,26.752156920942983
9270155.501496775,27.022585445490172,1.0,27.062699363764448
9669142.994281195,27.257005293326383,1.0,27.298845376753825
10151671.906267803,28.050903732301926,1.0,28.09421512824762
10741839.352538683,27.793784660547047,1.0,27.84215024587437
10569733.602432309,26.52022341858839,1.0,26.566062630664693
11406190.610527994,27.095001524784138,1.0,27.143009587998847
12102002.456342032,27.403854195764968,1.0,27.45134968095696
12861076.356411174,28.149358510694068,1.0,28.202472473783867
12765634.308770247,26.8059472653863,1.0,26.85191666043605
13408205.277336504,27.02021256306799,1.0,27.06675881086797
13393308.761273384,26.20909712537126,1.0,26.254820943889115
13642410.910924308,25.670787431149375,1.0,25.71502820295688
14671648.959688082,26.14465579148743,1.0,26.1914669443184
15527842.3780286,26.759433777203245,1.0,26.80512404431309
15687266.73572382,26.24033822513279,1.0,26.287273415646176
19293235.99119771,27.388545101758158,1.0,27.437634173545465
18609560.880613625,25.672156470695764,1.0,25.718257398233213
19022544.255676202,25.08981851529083,1.0,25.136494229258624
20670733.58016501,26.13521691510538,1.0,26.185698568223877
22520578.198987555,27.152573095281603,1.0,27.20360024129848
25448771.338154513,29.46071667095127,1.0,29.516468233210674
27807490.70963136,31.145866129243682,1.0,31.202418347860295
31251865.546379846,32.783706383020025,1.0,32.85333199105775
32806114.575597957,33.08822636352237,1.0,33.154923239864395
35233537.41139018,34.24326884589115,1.0,34.31132062664748
34958116.84944534,32.78562192362056,1.0,32.85053342726641
36743777.45811501,33.19668411702428,1.0,33.264636695462194
38586147.20364235,33.80869552967101,1.0,33.8792351833493
38679139.81840313,32.73358577356658,1.0,32.795773454587206
41264066.73246701,33.48731979433617,1.0,33.552265058425455
44711844.56423155,35.12901287587604,1.0,35.19470077086351
46553614.86552137,35.07401067783603,1.0,35.14310673772178
49482768.31285998,34.82167000653413,1.0,34.89148148113953
51099172.422567874,35.33547767614854,1.0,35.406280655353626
51956054.44492192,35.14043149305263,1.0,35.21229415154569
49868148.440998286,32.79211171698722,1.0,32.858550032802995
47348560.24101684,29.707313170498296,1.0,29.76945169726275
46812479.841968045,27.460368454949432,1.0,27.511980431587254
51483148.205720566,29.188182527038016,1.0,29.24703593784476
56406945.016967475,30.071018803496518,1.0,30.13463976981971
54108305.600581035,28.203625375569914,1.0,28.26582299158182
55246798.45872287,27.57578447108435,1.0,27.626784545085297
64579308.641564175,31.282319564945183,1.0,31.337751910468867
66235186.694442526,31.03523428692229,1.0,31.08780121416934
74855828.71309762,33.38922577235106,1.0,33.446282671969115
76939814.98447026,32.86468904888161,1.0,32.919734457368484
80905677.74784479,33.61250664396304,1.0,33.66811995260459
87736463.21441758,35.019582641090494,1.0,35.069327838776864
94694666.6390266,36.12058571227663,1.0,36.17551528050503
98267780.49531698,35.661246003067326,1.0,35.71247670653985
99501729.01499668,35.35491019410162,1.0,35.4074870404867
107693606.86307235,37.12858967193368,1.0,37.17827809589332
108450369.83849914,36.48906159598332,1.0,36.53414693900813
114239667.4812179,37.15423967412853,1.0,37.19857973062752
118282380.83404325,36.773766884339175,1.0,36.82155933238381
125556510.69057524,37.10728582762135,1.0,37.15278661426568
131777208.01273979,37.98724206657183,1.0,38.03331424972767
141600408.20684147,39.04517308271871,1.0,39.09183223018138
151438238.16742,40.256835388277025,1.0,40.305553958854524
155431058.75494218,40.04826955495061,1.0,40.10275873864151
162083818.93177122,40.68785163325864,1.0,40.74591889281568
167121059.85653278,41.333339986709305,1.0,41.39449064893147
175162591.01470944,42.36930228680019,1.0,42.43018585705806
177389082.7090974,41.98388060730181,1.0,42.04211026874614
189661569.00724357,43.51542570217259,1.0,43.570746959307016
196629545.39100072,44.27267765900774,1.0,44.32757825715734
199797837.25588593,44.163929795420366,1.0,44.218058965368385
202658542.6897157,43.86283248797553,1.0,43.91479454795768
220499790.15394753,46.36485266972804,1.0,46.41995246377453
231058422.6054693,47.527149051582064,1.0,47.578182685803775
238347622.66340402,47.76220502318946,1.0,47.82075368446203
254552639.1806662,49.55098557327694,1.0,49.61436126177466
257780112.0928379,49.12554873930248,1.0,49.19146508097478
248545397.35722408,45.24822441404335,1.0,45.302163019986494
262930210.77467078,46.699706006441914,1.0,46.75769743297279
284354290.2090125,48.742681781082204,1.0,48.810141224895446
301974019.4475237,50.45528320136233,1.0,50.52288800680329
329932586.0120922,53.00665348879429,1.0,53.06693757584803
356630071.0070187,54.66882552756521,1.0,54.73639109146829
382915133.76052,56.50419139245986,1.0,56.57825945275979
419599935.2353128,59.03614646892364,1.0,59.121566507141
446839943.4308541,60.17824558983629,1.0,60.26087277156915
448762248.8674936,58.89582791927829,1.0,58.980100892284625
495944662.95117307,61.31144736888684,1.0,61.40525372925226
476767970.66884005,56.21809942949025,1.0,56.299431276466294
493105855.48771983,56.28502820122305,1.0,56.3642228461409
497610377.4776001,55.46452081991352,1.0,55.54073246526573
469223695.8840129,50.36653044888282,1.0,50.440243701829345
473949247.72526073,49.75443607764364,1.0,49.831297052201414
517562531.4501869,50.314352599487016,1.0,50.383766963481186
565879064.0111877,51.97574057261849,1.0,52.04265520243503
592760017.1889112,52.918570111457676,1.0,52.993426817400454
714952752.6522678,60.36129393781242,1.0,60.43305502926689
767150738.1706573,61.61285156528836,1.0,61.69292771149893
830956966.5165253,65.035637701837,1.0,65.12066016533633
888181648.9726523,67.5869961745821,1.0,67.67586918269386
894530371.3995088,66.37509644965552,1.0,66.45809557518949
1035519986.8268996,70.54546234461438,1.0,70.63322448439183
1157998184.3088248,75.59213516436792,1.0,75.70484953449312
1201967375.3670309,75.69000278992252,1.0,75.80701511596364
1343374029.2094605,79.04539208280168,1.0,79.17345617907615
1367578942.4677567,76.67274029951884,1.0,76.77887310689812
1420383900.594322,77.01509021877543,1.0,77.12543485535093
1606861841.7516487,81.953331690243,1.0,82.07679356894151
1702796314.2897475,81.29764930845552,1.0,81.42333997188723
1670449995.5034995,77.38174966324945,1.0,77.5016279248488
1722051866.314598,77.14045789144951,1.0,77.2640253512533
2093439904.1152024,87.05708591791408,1.0,87.20051110454266
2354640494.39156,92.5757146867697,1.0,92.74532017628268
2452949089.672902,93.56490841636935,1.0,93.73788129775778
2509092188.4373355,91.23002981020588,1.0,91.39930600363314
2686851333.6193666,94.01008980701467,1.0,94.18924142855276
2914629155.4269485,99.65095090287981,1.0,99.85172807134941
3024029760.7758994,100.83062683174417,1.0,101.03513273129234
3328978969.912063,108.04359815407895,1.0,108.25298044951012
3464511690.7140927,106.1006933459134,1.0,106.30279313928314
3520661031.6854963,105.27640130333674,1.0,105.47377583150364
3411337465.3295984,97.53965541577873,1.0,97.71519917423707
3595843063.4794154,100.2080516705744,1.0,100.38243793050401
3763999068.499967,101.56130128355451,1.0,101.73210816985264
3819943386.655082,101.70934516120951,1.0,101.87647077513797
3759156627.54324,91.93150505901521,1.0,92.06730510737232
3606211580.9950156,84.43002662756686,1.0,84.55596754483835
3963991044.3686934,88.71053441595467,1.0,88.84465825886832
4028925181.6664968,86.77036051142882,1.0,86.90704427356664
4597753012.365263,93.23193406822085,1.0,93.3913419064669
4533269526.36684,88.79140892687238,1.0,88.93246190842724
4577559569.639444,84.97533885732597,1.0,85.12004239695392
4582443825.70025,80.09746888977689,1.0,80.24118245006647
4999134607.658825,84.24657544844494,1.0,84.3952895202262
5141694929.265431,83.46654651595685,1.0,83.61150173417742
4782239036.760485,72.48067298620289,1.0,72.61800268271858
4779996166.652244,66.2991471936669,1.0,66.41821707803841
4681590385.569374,61.98107312907982,1.0,62.093788359620454
5208376980.5247965,66.54332885434955,1.0,66.67640413240638
5712167660.720018,70.69025587388953,1.0,70.83022964333462
6977601299.102306,77.20799643182036,1.0,77.36916897203976
6981194763.771344,73.51288348899058,1.0,73.65026913552073
7567873428.134396,75.85975877025389,1.0,76.01095177647872
8444180195.998362,82.18071855075898,1.0,82.34535504095105
9821687755.55177,89.92427893692279,1.0,90.06929925380982
10607579923.0,92.40360281331964,1.0,92.5511186387845
11717970781.759716,97.2342635766179,1.0,97.38174827704228
12792848523.599752,100.91170620816156,1.0,101.09168255332338
12516970745.188324,96.49632661242819,1.0,96.66378929483558
12979272542.69111,95.85586119343618,1.0,96.02972121269308
12553993698.557295,90.77187719863095,1.0,90.93633310074755
14259755038.35507,95.51536497065034,1.0,95.69756497834413
14559209894.160524,94.7926460512926,1.0,94.98741788734242
14259828861.106901,90.0278671555835,1.0,90.21097243976612
14416701238.407938,88.1294279141856,1.0,88.30009269162183
16505061329.699997,98.02732856747859,1.0,98.21431766837703
18951623075.662758,104.22331055549806,1.0,104.45653997080571
20255722162.745266,107.26158681548772,1.0,107.50541285884883
20854764889.986294,107.74516066302319,1.0,107.97725370761573
21598174694.019634,108.26225123807716,1.0,108.49644823771158
22399121404.372658,107.41862847152956,1.0,107.66113542232051
22572804191.742165,103.9821819411163,1.0,104.21936010212937
22940582890.438217,101.27987635968145,1.0,101.51631621261875
25004203024.347588,104.10837618350904,1.0,104.35115462664443
25494635462.46714,101.43322400643777,1.0,101.67558414291831
26098730849.7503,101.05516615124994,1.0,101.30065043036711
29701582347.365784,107.28196316812443,1.0,107.5398190880119
30803659560.364788,105.93458753630333,1.0,106.17971045873198
30992917244.703667,100.8550876246901,1.0,101.08440912658601
30350589034.807182,94.03129290905613,1.0,94.22079774871959
30920421343.935688,92.16935671065362,1.0,92.36449417569048
30706421107.814312,86.56375653293387,1.0,86.74276084431568
30763197280.44266,81.09458568162762,1.0,81.22272209062834
30982200481.882137,78.81083564127933,1.0,78.93820790442199
37800422359.72946,86.38594401711354,1.0,86.53051223630717
38095908261.31547,83.37390111900451,1.0,83.50450563907533
42631378523.45812,91.15774522172754,1.0,91.30239644411378
43722741813.65865,91.023087000486,1.0,91.17087114020785
40957016057.493866,76.17525541202752,1.0,76.28240307343003
45517252139.36735,76.70460030889592,1.0,76.80445142936179
54126157622.74659,81.94939701419315,1.0,82.080758408529
56361243175.620285,82.68222130205288,1.0,82.82055645118254
57616802589.84358,81.42119505750905,1.0,81.55321614353245
56692513842.69731,77.15923517070176,1.0,77.27676200599807
56476005132.33205,72.03317990035264,1.0,72.13652231646749
57362621936.904526,70.19995852250622,1.0,70.29996718389177
57920588160.4848,67.11342640217705,1.0,67.21401925267166
55306052810.92052,61.69403601196065,1.0,61.797518939046455
52740460327.07472,56.62435328029219,1.0,56.71448415818496
64522204500.00027,62.94153147535316,1.0,63.02715991193327
64230370569.04676,60.298251507820524,1.0,60.373285489792735
65436552697.9629,57.39352072144471,1.0,57.461464817755896
87604035599.58292,70.70065617017329,1.0,70.78866701716073
96053269625.09149,73.57539009847248,1.0,73.68016478761055
106258929522.75746,78.08054366990413,1.0,78.19635328714661
113823396456.55304,81.50938828073302,1.0,81.63284278218752
127275614566.77075,86.8186620447996,1.0,86.94952425133714
140732338019.30084,92.73756947540808,1.0,92.86962435612355
141070517827.56122,89.17962585143403,1.0,89.29448615317482
144237692023.3078,85.61226245812496,1.0,85.72202871742452
142337071955.51666,82.38750879260526,1.0,82.49765793115229
152550610890.7567,85.65673741550569,1.0,85.76684943804267
164398606636.1982,88.36784168009638,1.0,88.48537442783663
173025587918.03934,88.07399032880072,1.0,88.17962157134676
219665846320.46228,103.49764491060522,1.0,103.59868578701483
254481784633.02396,109.91340595993249,1.0,110.02619856840221
271784255652.00787,112.02205948098388,1.0,112.13951776160563
276678546527.78925,110.90031986704749,1.0,111.02176324325082
280502520719.34985,109.02998597248973,1.0,109.1564251526267
303316912739.5375,113.93958443483375,1.0,114.08347417859369
311402734999.3481,114.134042844797,1.0,114.27875618398872
317468237471.6654,112.75878241285776,1.0,112.90253681578217
331421601445.02,115.56512298954897,1.0,115.7094778623338
331161104066.28424,113.12623201137261,1.0,113.27383507150947
354674204777.19855,116.64005042892713,1.0,116.80295419914302
394343450558.9139,126.5331002549534,1.0,126.70036694098178
417055661593.85455,126.8412083540742,1.0,127.01869412230923
418808963595.1951,125.00156435188671,1.0,125.17134971767756
439465878106.60095,125.29967308261566,1.0,125.46240485647714
465801310318.0171,127.65365799287106,1.0,127.82958793877327
471890730847.8045,127.01983205020485,1.0,127.19905487758176
513599736875.2494,134.50829132951796,1.0,134.68876257658073
519681784959.32605,133.483214401959,1.0,133.67538903822467
529339551251.01013,131.69668039973178,1.0,131.89723973027216
541602231295.291,132.69498338009947,1.0,132.9028897550689
542582531333.93555,128.58379025042188,1.0,128.78016130645767
594176161655.9481,137.31603888676668,1.0,137.5479640367188
622663343550.3809,139.20272281257996,1.0,139.44711939111124
624134697031.1903,133.93660028694637,1.0,134.18108363346508
648756810829.0708,134.91979672486877,1.0,135.16317204093212
702724294894.6979,142.45479753235927,1.0,142.72039834338904
786013989222.7971,153.36973540301574,1.0,153.6460858823886
855828537759.5552,160.23427028976275,1.0,160.5488328093674
884070879505.6205,159.71978368534556,1.0,160.03730896484873
974243457002.5552,168.93046583816397,1.0,169.2687478533051
1073881283837.1204,180.04809738424933,1.0,180.4580609475928
1094414967865.3699,178.5362335105138,1.0,178.94112395483117
1016799058344.3579,149.28552116693987,1.0,149.59098062985186
1131396379416.0002,156.15075622878987,1.0,156.4693761146154
1171358430933.3528,158.81508787598898,1.0,159.14694052008207
1310208916619.3306,170.77113872614302,1.0,171.12133627257717
1298694800660.0798,165.90681164052097,1.0,166.23415937642594
1466701752242.2717,179.71185771067653,1.0,180.03330554983765
1524096725211.016,182.93314244082023,1.0,183.26333194832648
1605579508430.9727,180.8841668509462,1.0,181.2118141490745
1746835182423.713,191.02911323171492,1.0,191.3639196540387
1835761321055.357,196.35135243197013,1.0,196.70724018908774
2005712432636.0198,210.12768533481514,1.0,210.5009440625745
2039179750286.9844,208.88855396928832,1.0,209.24276059833892
1925118230954.682,189.6568031154557,1.0,189.99512646975015
2153013727135.097,203.13727488492881,1.0,203.52150726378838
2398849140526.8364,212.39870952148252,1.0,212.74805807918077
2708638917383.6123,228.11416650251243,1.0,228.44625264162084
2820890331397.8237,224.40809600957937,1.0,224.73611329591242
2646804726376.27,190.81502985873863,1.0,191.06838950835663
2896419586511.3633,202.48698678756662,1.0,202.78501667080812
3197528470305.498,217.52477195561946,1.0,217.87261840985119
3411299236187.772,226.46646704549946,1.0,226.8245599750441
3902444455017.143,245.65894754942596,1.0,246.11420710251548
4349317272005.6113,255.58761748987837,1.0,256.05958312463713
4636467896937.966,262.22874480170714,1.0,262.7299851086228
4990119122244.806,268.59233366500854,1.0,269.10088234259086
5949908653979.127,288.1470803368627,1.0,288.78698972328664
5983031795455.829,280.7317881126417,1.0,281.3450074167241
6183559089112.327,277.73622272367845,1.0,278.3201753203562
6449136768430.612,282.6866598141987,1.0,283.28337613457893
7062249751868.543,302.7688558169961,1.0,303.4404793916216
7453667882116.1045,307.7466664647291,1.0,308.38424912038954
7919276153708.252,315.50880060470246,1.0,316.15607089243605
8195144138522.679,313.16568080718764,1.0,313.83789210307526
8425140858770.317,308.0144185235902,1.0,308.65718695454103
8392055330617.926,289.26014749371654,1.0,289.89417555148964
8432320412094.231,271.5110059986313,1.0,272.14534184835287
9372051928099.662,289.4310690681884,1.0,290.13703347525524
10051919319067.867,300.60654677532096,1.0,301.27562932585033
10006082566972.918,294.38512153768767,1.0,295.0629779082763
10149449717992.506,287.0729719316471,1.0,287.73289264454104
10220231980325.785,276.79621885324923,1.0,277.37428671220215
10511702776172.695,276.01754680222,1.0,276.5741152580975
11241477741408.486,289.63245455999754,1.0,290.26946463781115
11242399542583.281,282.2372922683135,1.0,282.84695323741914
11299184902672.87,276.7177243068141,1.0,277.2982575441247
11445803125969.953,271.5867246443364,1.0,272.1413373486771
13049234240083.959,299.01189972992904,1.0,299.59542365999823
14048675090531.988,308.5385264996085,1.0,309.11447822194634
16535234386855.787,348.02838484783445,1.0,348.6563549035888
18454710535419.555,373.53354758346023,1.0,374.1965774474121
19547912223406.203,378.83216577995734,1.0,379.4970631272906
22196849808799.977,398.63557178624467,1.0,399.3611221639883
24181447953354.977,417.38276491043695,1.0,418.1820547406857
26064699119962.26,435.98663332830506,1.0,436.8033429858362
28551792709989.062,468.46088843817984,1.0,469.34143977028276
31967529327263.188,487.9148136598364,1.0,488.7881669653404
34161269059817.297,505.93499098932773,1.0,506.8172645495505
35078055037575.613,495.1055334567997,1.0,495.85921949681136
37400117046898.01,490.20602851037523,1.0,490.881661982547
39932441572026.42,501.0418366881857,1.0,501.79287355399214
39906804944537.18,482.5164360685175,1.0,483.14335557936636
42378313188362.26,501.37124832433096,1.0,502.00894753792875
42917026305612.72,495.9603495381651,1.0,496.55771254906165
45912119737428.82,490.8649917759078,1.0,491.4893730895485
46223817118326.22,467.516743192291,1.0,468.124853052586
48185278573925.27,473.83119263187365,1.0,474.4361999591436
49354494358521.57,472.27367159519724,1.0,472.93389113892806
47703290395262.87,448.5609238900836,1.0,449.14943848542185
50767320440640.99,461.0026582360229,1.0,461.6864711921671
50925206807211.38,446.7203348812127,1.0,447.38002712132686
58965584009174.76,496.674371740156,1.0,497.3494723283619
61603350444241.19,498.81479987865765,1.0,499.4566845971672
63362372512826.05,496.99661993309996,1.0,497.6470450534183
64649452385679.086,491.75638697184934,1.0,492.3992354441351
67533141209342.305,502.2455703762144,1.0,502.89320541178625
78454600805717.14,552.7726801454305,1.0,553.531311548176
82408634231724.48,564.4406279888475,1.0,565.2144876852327
85954595354081.36,561.0432598489826,1.0,561.8619469744656
88561512276575.3,559.5299466433268,1.0,560.3211019600543
96432328118643.64,586.1363341857465,1.0,586.9682706245993
100827617201963.3,598.5084295913791,1.0,599.424433622283
105943912981642.52,604.7385192980304,1.0,605.7377495336918
107117029930088.25,601.9791941926366,1.0,602.9929556376533
105172213134677.58,574.4421616168175,1.0,575.4675788163213
111799534973146.14,597.5734539155067,1.0,598.6654566962809
123060878531921.2,638.145870889667,1.0,639.2750076198929
131525621061739.42,664.7827176864726,1.0,665.8851851879966
136624606339060.92,676.6843226812134,1.0,677.773900369812
150454568740338.72,726.5724412929193,1.0,727.7199062037985
161472206354624.97,765.9888509185719,1.0,767.1475931518921
165715372993211.8,765.8394218135346,1.0,766.8913003856951
176499466606118.06,800.9159395077851,1.0,802.0043239470156
183150143007303.22,811.1511967017685,1.0,812.2709872872492
178366444422095.47,754.0628621686161,1.0,755.1187180415429
197608438079906.72,794.412222997998,1.0,795.6601709842047
192345334940086.47,741.9543875824153,1.0,743.1511962460487
205873367037092.66,771.9533841629026,1.0,773.3556138747606
211713788586567.97,776.1160347135274,1.0,777.6169881178296
213021756372455.78,754.6872847272385,1.0,756.1841513856639
248236808961899.16,842.4743511236857,1.0,844.2080230181177
274892725745036.84,892.7956137080956,1.0,894.5349177919463
288097197826199.7,912.4551516810707,1.0,914.2669119143575
286663914267014.4,890.9869433705245,1.0,892.7679009837614
295712174056938.4,893.9941312228333,1.0,895.8231414382292
313840513175324.94,926.4818779514711,1.0,928.3722699698544
337932794009741.94,962.453463344815,1.0,964.4248562320581
355591472160721.0,993.5463309390784,1.0,995.5003137062994
356741099390216.6,976.0676254340786,1.0,978.0780457991765
303673363668226.2,721.4795553077628,1.0,722.8860029058068
297359690764200.1,682.6947191204434,1.0,683.9875542555586
334576040221484.4,730.6671308772617,1.0,732.026272188528
364154569633304.94,766.1627355084825,1.0,767.4957180100571
407275932996432.7,819.234828197155,1.0,820.6427398983144
435246422246828.75,832.3014926293272,1.0,834.0549217922581
454191393267966.5,844.054422006746,1.0,845.8773714208455
465996735961787.5,838.8057877511161,1.0,840.6509813647153
517438115644609.2,892.0703579000901,1.0,894.1583833048171
523506629864889.1,884.4776259386737,1.0,886.6327654959684
530657206922213.7,865.4275345565762,1.0,867.5141725341882
560911035603262.94,891.8085697950728,1.0,893.9789815000124
592149292998079.9,895.4390868103657,1.0,897.5855832664636
594185102267407.2,873.3131809684797,1.0,875.4954838258691
625007266077324.5,897.942533960789,1.0,900.1419225447265
676617241073659.6,948.8965344743034,1.0,951.1816610471724
689610998571238.1,948.7606145347053,1.0,951.2138948803323
722481306818136.2,970.2413897571117,1.0,972.78990168755
768566944417451.5,1013.4657212901022,1.0,1016.1105608076989
815862248476068.1,1054.5283524582424,1.0,1057.3776779106493
844793539669278.0,1046.6604742394172,1.0,1049.552706914675
942423794668237.4,1103.5790849547068,1.0,1106.6397352051117
990059547793538.1,1131.8684960774162,1.0,1135.007254798569
1013055660910138.8,1129.7029147212413,1.0,1132.8978932814712
1014399985772166.6,1077.9171523579532,1.0,1081.0358122087262
1041430702193037.6,1087.6475967256608,1.0,1090.8068834062292
1092887793188395.6,1096.472769325493,1.0,1099.8059009384108
1041041196279538.1,1012.7267668801474,1.0,1015.8141997460073
1079270311089315.2,1035.5199651678947,1.0,1038.6336452246405
1137675023973913.5,1062.9520488275532,1.0,1066.1176763327608
1142991379360943.5,1025.6722796072372,1.0,1028.6144672218738
1275467509203015.0,1102.9939382928378,1.0,1106.1938464482587
1318989011552040.2,1101.229147991569,1.0,1104.2874933841697
1348318051212911.2,1068.1191959855614,1.0,1071.1123896072554
1259620296531921.0,946.9700405935946,1.0,949.626121187614
1241592610847956.2,875.8203556848339,1.0,878.3005647762403
1261588459845662.8,842.3608651443927,1.0,844.9014084624791
1413415584634249.0,899.6135049823578,1.0,902.3630556820905
1507195708674731.2,927.9669476797486,1.0,930.9124913255647
1674179428434513.5,992.7249726488683,1.0,995.9306281790028
1911981548628780.2,1087.6554894283834,1.0,1090.8715207096927
2108877408506572.2,1141.5429020836973,1.0,1144.8862576261463
2192981548435223.0,1149.3228365934103,1.0,1152.6613522083665
2344365257705255.0,1197.805687240613,1.0,1201.2344891012772
2295274249208907.0,1145.3933996084804,1.0,1148.5825187282817
2459092562923445.0,1190.646014381836,1.0,1193.9517620051995
2606628280328600.0,1228.3332945458615,1.0,1231.7710806476994
2718309268999279.0,1224.9847597182659,1.0,1228.554203448198
2910819931429808.0,1253.4703103238026,1.0,1257.0803444492433
2875025578733015.5,1199.0413704267362,1.0,1202.6391143262583
3316511631577678.5,1305.4219035456051,1.0,1309.2695590988374
3859772819388260.0,1379.1660745637907,1.0,1383.709406026665
4278882391208715.0,1426.1695438842853,1.0,1430.7998426545744
4309198272950429.0,1393.9993804361056,1.0,1398.7372080215262
4747254132585478.0,1386.2886680231366,1.0,1391.0448142092616
4945062717782050.0,1395.516138106779,1.0,1400.2582925060524
5091856904559410.0,1356.0454712978578,1.0,1360.6388346819988
5370131976250486.0,1402.3896813249335,1.0,1407.0190698639246
5353844365966519.0,1364.01138044551,1.0,1368.5067283357782
5552755745695273.0,1386.1425742141487,1.0,1390.700547511304
5883339059015240.0,1416.1587708646175,1.0,1420.6904315771621
6501172026958666.0,1504.7972246136997,1.0,1509.5671785059938
6903256514482005.0,1554.0117382284686,1.0,1558.809032039304
7545500984306838.0,1606.2830364997471,1.0,1611.56874038199
7926903422560595.0,1599.7998211591485,1.0,1605.0795134196608
8422326959567210.0,1648.3635365062341,1.0,1653.7963939764177
8517810880307823.0,1605.9359777673928,1.0,1611.2425895783147
9179423322624854.0,1664.4026465355794,1.0,1669.787511972301
9623422849316896.0,1680.4493521791464,1.0,1685.8826076874452
9941996639320682.0,1691.5801109441882,1.0,1697.2222738398289
1.0560736800168806e+16,1759.5745267676787,1.0,1765.4306981637285
1.0988541687206844e+16,1782.8921972474604,1.0,1788.6966846748433
1.162206408109938e+16,1817.2988074483812,1.0,1823.2212952159875
1.201999193317214e+16,1773.676803026104,1.0,1779.4225909440456
1.2750182403128482e+16,1824.0723529775566,1.0,1829.7649988226112
1.3680231708342288e+16,1887.9635515821487,1.0,1893.7983727367216
1.3940539157288626e+16,1861.9480179896834,1.0,1867.7345242619335
1.366807131945942e+16,1774.3601957533515,1.0,1779.587774920578
1.4088309840247518e+16,1786.031582248978,1.0,1791.1788621367293
1.463707768514484e+16,1779.4782037261268,1.0,1784.584734476136
1.4649124000079714e+16,1729.7027817697558,1.0,1734.741771587615
1.5424165203551932e+16,1773.6755626403515,1.0,1779.1235172204483
1.6937059871707526e+16,1854.3717702435742,1.0,1860.06498333052
1.7372477806889384e+16,1833.372048393757,1.0,1839.1867829590594
1.8052818782762784e+16,1839.3514079923884,1.0,1845.1413282981393
1.7731081446416386e+16,1766.5205967896345,1.0,1772.0191714822365
1.8529494312867068e+16,1790.7058182978096,1.0,1796.2016387785593
1.93047312959288e+16,1810.5887412806976,1.0,1815.9962694365363
2.0546662574389788e+16,1885.0946852550471,1.0,1890.9160913759945
2.1383199394443492e+16,1923.669377799421,1.0,1929.713967897492
2.247671482827594e+16,1971.1700071179964,1.0,1977.4463603733216
2.3828509411478108e+16,2024.0095057160026,1.0,2030.3034889853013
2.6116594370696468e+16,2108.616098589,1.0,2115.046108004203
2.842135770731606e+16,2215.6467527247714,1.0,2222.3320811103968
2.9785270242332452e+16,2267.985557950467,1.0,2274.565164740706
3.1522198276514064e+16,2323.1406987342643,1.0,2329.725173459169
3.187083378945231e+16,2245.2713456533907,1.0,2251.6649064573908
3.4087928342015564e+16,2338.1892957784953,1.0,2344.9386272741053
3.529297069683415e+16,2382.2381633389505,1.0,2388.8606582601205
3.667694924973981e+16,2411.7052106556084,1.0,2418.5770868990476
3.880769661640344e+16,2470.3251786560963,1.0,2477.3924478104605
4.061792043277219e+16,2524.6014836604068,1.0,2531.8888095030347
4.486444277817766e+16,2627.2585459180154,1.0,2635.0606878008866
4.866351892819097e+16,2721.5108157107734,1.0,2729.761473677022
4.93704538676608e+16,2654.7882970650207,1.0,2663.1734483508194
4.7995437356992584e+16,2473.382046490697,1.0,2481.0880561269037
5.193178315182633e+16,2589.8940715902245,1.0,2597.966444520235
5.607048661011113e+16,2688.5944166797135,1.0,2697.1307144767557
5.941094192039511e+16,2696.5406112500987,1.0,2704.235423918338
6.453810620812522e+16,2833.2761453956223,1.0,2841.0441299155927
6.696396454427622e+16,2850.2646958255064,1.0,2858.174282893331
7.227286765334645e+16,2959.007082415938,1.0,2967.2994207265274
7.483681990621658e+16,2942.6281496927827,1.0,2951.6016209851914
7.379022697982813e+16,2814.7598923067885,1.0,2823.4629511065273
7.982907157540331e+16,2846.388898855057,1.0,2855.6938426865336
9.396001468032333e+16,3102.037887083504,1.0,3111.5499498179083
1.013502517149748e+17,3247.6221087925296,1.0,3257.914976310463
1.1151476980972133e+17,3453.607087713648,1.0,3464.487999203482
1.179530750446856e+17,3481.620399956362,1.0,3493.1672990525926
1.3027893548070515e+17,3725.61876376684,1.0,3737.764398730778
1.2886280345202989e+17,3583.680140104851,1.0,3595.4705276772333
1.3575387072943066e+17,3605.8979535430617,1.0,3618.1723786162697
1.4414278117115584e+17,3654.669165723913,1.0,3667.1886207729212
1.4983180845841904e+17,3625.689832041222,1.0,3637.9328806260587
1.6424967389094733e+17,3901.4718379565197,1.0,3914.3308265330415
1.766398480409109e+17,4099.02520535455,1.0,4112.416521457499
1.8299941248992784e+17,4150.1047980485555,1.0,4163.559358067584
1.9086362924227e+17,3991.6112997859295,1.0,4003.9454735708855
2.0549351728731926e+17,4018.8497359667645,1.0,4031.6849708063437
2.0548837994938707e+17,3783.4716548288,1.0,3796.3442200779386
1.811737619034959e+17,3093.815901420621,1.0,3104.9813688408153
2.0283109222767792e+17,3271.7106870102148,1.0,3283.9339675431406
2.2238461801170275e+17,3437.0583647367494,1.0,3450.438653574828
2.4466733435185734e+17,3635.7457724504325,1.0,3649.8823752043363
2.737639077549833e+17,3797.6836343133455,1.0,3812.6780769260695
2.960099628991532e+17,3845.469127947183,1.0,3860.872096712694
3.016015910983183e+17,3629.9851889873603,1.0,3645.8484217691625
3.192217592534642e+17,3650.9029060391963,1.0,3666.117651059428
3.611623908712213e+17,3970.2314652937744,1.0,3986.7930530373446
3.7787373585922355e+17,4021.0243833311224,1.0,4037.9794061005523
4.109962581759638e+17,4227.300199899429,1.0,4245.987746345777
4.210430617070752e+17,4155.747902163883,1.0,4174.213162096817
4.3168113570416614e+17,4037.0489371335366,1.0,4055.6099203816916
4.45327871447182e+17,3949.495519050432,1.0,3968.5311561008807
4.9173860622579296e+17,4021.341581936582,1.0,4039.9935180272823
5.897858751825476e+17,4200.871320642538,1.0,4219.975255095783
7.40620074045233e+17,4543.706781608115,1.0,4565.021191051383
8.142554842871063e+17,4459.089148465956,1.0,4479.517908145761
1.1485203886747119e+18,4888.669413941567,1.0,4910.3806442845425
1.3333655570687974e+18,4996.30031522667,1.0,5020.213905774085
1.422297039628615e+18,4775.815780687856,1.0,4796.075394326213
1.4828271570411297e+18,4600.183818124641,1.0,4621.090648930467
1.9268004361308142e+18,4868.287683250822,1.0,4892.941133639674
2.0880139018214433e+18,4879.175900751674,1.0,4903.524794279084
2.372152921595207e+18,5230.166054851471,1.0,5256.352604415864
2.5334071328994063e+18,5125.270681281939,1.0,5149.24179608401
2.6397291634529285e+18,5010.312910009057,1.0,5035.406436679527
2.696237845654965e+18,4687.968817393165,1.0,4712.173934951982
3.1264926961132017e+18,5000.330992477363,1.0,5028.1166405935655
3.969942263207141e+18,5318.105427274375,1.0,5347.557887774187
4.0942093959300506e+18,5133.1993687766035,1.0,5159.981798122132
4.123851471956584e+18,4960.237037357575,1.0,4985.726424453611
4.784422372289006e+18,5297.950609446953,1.0,5324.240547992656
5.403689297623861e+18,5532.445744387978,1.0,5561.102291469619
5.922632599321169e+18,5638.012333317113,1.0,5667.693726794754
6.242620593397293e+18,5479.270262224183,1.0,5510.11594291712
6.185918870547466e+18,5232.192432435656,1.0,5261.773428790241
6.046568676150644e+18,4556.8490778083,1.0,4582.856921396366
6.863200101845521e+18,4759.168802287873,1.0,4787.468552205552
7.744311457320653e+18,5171.63016194174,1.0,5201.951015718935
8.71288474697629e+18,5454.152800980108,1.0,5485.98208273361
9.157085037146635e+18,5408.447436840119,1.0,5440.115037919733
9.511262772213393e+18,5281.813183202355,1.0,5312.301151613429
1.0694416304762878e+19,5659.381908423356,1.0,5692.863734114334
1.128227767461939e+19,5602.135902167996,1.0,5634.044365964103
1.1580411862171206e+19,5451.111729833863,1.0,5482.878645335142
1.1634666091745479e+19,5122.809586081382,1.0,5152.034229747902
1.1032048561523522e+19,4467.068033437936,1.0,4492.694201555985
1.1904330577186062e+19,4507.585233914825,1.0,4533.7228962426025
1.1213177048205218e+19,4089.431156340705,1.0,4113.823097747731
1.242358344467373e+19,4276.985718927436,1.0,4302.269618002855
1.4647777588773669e+19,4658.723460125728,1.0,4685.974232408944
1.4386138985482994e+19,4418.1492168320965,1.0,4443.970718837106
1.4418766748702069e+19,4303.0640289502735,1.0,4328.307073164667
1.4341943559464985e+19,4171.051188218914,1.0,4195.111863214275
1.4804356503709256e+19,4191.19002440792,1.0,4215.483767947028
1.6786008447869762e+19,4591.126788345001,1.0,4617.1818851419375
2.0237262142777127e+19,5043.341391002548,1.0,5070.875032580645
2.187561017406993e+19,5168.579258293169,1.0,5196.124655580867
2.390485740064718e+19,5423.628797345586,1.0,5452.322798780783
2.6196353126215815e+19,5674.236677623318,1.0,5704.470836980239
2.7431746943295025e+19,5614.076150672485,1.0,5644.607148769509
3.0720539084326666e+19,6077.585056698214,1.0,6110.848374815118
3.2851192793059226e+19,6268.855896361793,1.0,6303.097062963339
3.5585036206104818e+19,6478.30138091007,1.0,6514.0154674706955
3.854830892609578e+19,6729.695752977113,1.0,6766.270950935465
4.0176088367118025e+19,6826.490851306993,1.0,6862.666204244696
4.11295071201581e+19,6825.701982024216,1.0,6861.1043238761085
4.124993431700592e+19,6573.524511101777,1.0,6608.710443256211
4.290314918456289e+19,6655.84791384607,1.0,6692.057429515248
4.648895149025948e+19,6880.374689968254,1.0,6917.313460004047
4.612145632872897e+19,6528.287202463421,1.0,6565.035243329404
4.689602006631364e+19,6493.126630985417,1.0,6530.263750522808
5.079645584726908e+19,6737.204559669484,1.0,6775.080813178022
5.28960765532601e+19,6861.311952304067,1.0,6899.91087184944
5.880694862770414e+19,7375.864240710552,1.0,7417.980999873379
6.2481794847449375e+19,7649.152402280803,1.0,7692.720152264166
6.2392883253381456e+19,7423.433258075803,1.0,7465.804490896231
6.549580612333863e+19,7594.656230859973,1.0,7638.060465765696
6.5968685843549135e+19,7444.297226801407,1.0,7487.80771366766
6.528234763603285e+19,7101.342920141003,1.0,7141.912411354096
7.147685903852074e+19,7489.436423693611,1.0,7532.941270492094
7.530137133509486e+19,7716.657836197137,1.0,7762.357497622267
8.124445676634589e+19,8157.308013277458,1.0,8204.488615990775
8.210629796372328e+19,8071.855970038209,1.0,8118.625340842474
8.511426218962428e+19,8145.397035410033,1.0,8192.513402958735
8.484019426537369e+19,7926.942699974439,1.0,7972.072398668541
9.080344183989826e+19,8268.377049191067,1.0,8315.500857200757
9.282409083116152e+19,8295.67658432684,1.0,8343.202272749015
1.0348020363448805e+20,8831.630715831558,1.0,8880.923848783623
1.0483920914881978e+20,8806.675353550447,1.0,8855.338839182808
1.1176939539118422e+20,9109.85008433462,1.0,9160.333426088813
1.1720686470756994e+20,9207.627562865797,1.0,9258.887070144889
1.1571927518070147e+20,8835.191918626464,1.0,8883.141649429175
1.1735022264509828e+20,8822.355798399407,1.0,8870.561138445462
1.2181011785672525e+20,8613.188329246315,1.0,8660.764806647396
1.2694465794462194e+20,8821.946519309791,1.0,8870.350977223874
1.323569434360909e+20,8950.376416737903,1.0,8999.40304940707
1.417042554954345e+20,9359.946715613,1.0,9411.740071903807
1.4843903364636603e+20,9624.83770043927,1.0,9678.45997679288
1.5390812140203275e+20,9720.334570116012,1.0,9775.53403126577
1.605611077658784e+20,9915.535218446019,1.0,9972.465575390292
1.628055914913376e+20,9869.83174027434,1.0,9925.747891820925
1.6840708067218853e+20,9976.0232339343,1.0,10033.19056889812
1.780224513502478e+20,10269.85103665266,1.0,10329.89219902494
1.904370250176087e+20,10658.918592059666,1.0,10722.103724132605
1.9112412180387224e+20,10507.255823910456,1.0,10569.681383700274
1.8887420864199705e+20,9945.8018698305,1.0,10006.517011184236
1.9570068916494474e+20,10008.932250451138,1.0,10069.72653161306
2.0563758735798397e+20,10212.325764499004,1.0,10273.978824234944
2.1508416684603503e+20,10392.281241725548,1.0,10456.740385684758
2.099105322967205e+20,9732.128619186169,1.0,9792.885491930308
2.1185976149962785e+20,9669.364953865603,1.0,9729.884796566239
2.0576010710629207e+20,9099.387605352274,1.0,9154.715818076207
2.0405888254073723e+20,8812.05660691357,1.0,8864.720783124652
2.0876264384218376e+20,8748.292212823679,1.0,8801.436571382545
2.293660554509004e+20,9159.39615966895,1.0,9215.984283028336
2.4759584017208253e+20,9503.025561632785,1.0,9560.515315632152
2.3477507997213193e+20,8701.41456570624,1.0,8754.96528793035
2.5371156837252412e+20,8853.928435478365,1.0,8909.15431434116
2.8474226916546242e+20,9141.638256617785,1.0,9198.761535509435
2.7469456871342077e+20,8335.374649960988,1.0,8386.494169787387
2.3875435542666294e+20,6674.695953060184,1.0,6714.120172142092
2.2784232636624273e+20,5952.010068976395,1.0,5988.22810679781
2.5122510079423113e+20,6183.844432369066,1.0,6220.616174869696
2.4318514389351334e+20,5541.935655496319,1.0,5574.776104790996
2.2759284202249296e+20,4892.188700406898,1.0,4923.067967592661
2.59223467613937e+20,5376.268619749132,1.0,5409.573937156767
3.204686409662762e+20,6194.028108663521,1.0,6232.331236125662
3.4807573251095704e+20,6449.347186108253,1.0,6489.067710470149
3.753596488038284e+20,6528.422889931014,1.0,6568.250723797241
4.358195781559586e+20,7157.949308278099,1.0,7201.020156200635
5.025810360553573e+20,7507.0361970474305,1.0,7552.867808159342
5.480812049925569e+20,7949.549856377412,1.0,7998.9997756447765
5.492453294719611e+20,7465.527522164126,1.0,7510.888511286595
5.8929410191573864e+20,7738.179636254293,1.0,7784.722712657039
6.497621590074145e+20,8228.970893939053,1.0,8278.338266627874
6.439181981493018e+20,7958.181794526379,1.0,8005.641222712253
7.016744409323034e+20,8335.796565694842,1.0,8385.623748992628
7.868233360138794e+20,8981.111923396245,1.0,9035.418539149056
8.817740289106903e+20,9416.252184751947,1.0,9471.240941539703
8.392742842652528e+20,8683.467386931754,1.0,8735.492053543736
8.126373970312422e+20,8037.229155771082,1.0,8084.691372379082
8.818952318306268e+20,8584.539706613292,1.0,8635.068425073143
8.615701924226263e+20,8025.013487181356,1.0,8072.825357098297
9.91119332836062e+20,8916.694884779301,1.0,8969.414624089784
1.0562646154640434e+21,9248.259330727456,1.0,9303.320211000506
1.1165614810378084e+21,9481.287721083796,1.0,9537.405526270064
1.271890814910902e+21,10246.74128117307,1.0,10307.24947012624
1.320572435851617e+21,10355.771526840566,1.0,10416.530836677222
1.4125503060086822e+21,10834.361436799198,1.0,10898.976961911854
1.4814432095333376e+21,11039.399993492792,1.0,11106.751792455083
1.5481674116907192e+21,11295.104732390068,1.0,11364.13623789559
1.5517591600858417e+21,11094.929723693325,1.0,11163.189122005286
1.5438513954060443e+21,10871.996194174833,1.0,10938.834374178181
1.5460251381707763e+21,10497.298498780618,1.0,10562.852607402521
1.4880878461178264e+21,9599.403253956678,1.0,9659.79110761784
1.4132533964244069e+21,8608.546322489057,1.0,8663.467066854271
1.6674722438800222e+21,9810.302143843353,1.0,9872.59134416286
1.6974333851580584e+21,9763.193072948618,1.0,9824.806106043961
1.7652203873943455e+21,9833.341615177753,1.0,9895.001936731367
1.9863742584086586e+21,10447.614732531323,1.0,10512.29397707147
2.121932383299499e+21,10822.92188914051,1.0,10891.490753898428
2.287379451225361e+21,11095.203659276882,1.0,11165.766308140863
2.3062205957651046e+21,10950.009161342707,1.0,11020.063511238324
2.2415103520685315e+21,10205.574102509921,1.0,10270.646921722348
2.4146401286416006e+21,10641.386815639044,1.0,10709.180555499997
2.476351086409294e+21,10551.872746712306,1.0,10618.821401762378
2.639819974325344e+21,10893.552938123597,1.0,10963.26366870974
2.7801871218201455e+21,11264.79084276497,1.0,11337.53190206215
2.8914390896869004e+21,11094.480722971375,1.0,11166.760178267936
2.991338310235583e+21,11199.99056598452,1.0,11272.39362806411
3.215628856737047e+21,11540.667399024413,1.0,11613.690089699454
3.5173609592512546e+21,12285.001669619027,1.0,12361.692455525232
3.6205427429908907e+21,12421.707202598282,1.0,12500.087222387912
3.8943137030448894e+21,13009.674800721205,1.0,13090.144670641874
4.024243585433279e+21,13036.634489617241,1.0,13116.767876360127
4.3778981359647415e+21,13608.536522180742,1.0,13692.35782259871
4.458587176508708e+21,13515.428548320366,1.0,13598.044360102947
4.886205814020481e+21,14456.77544362517,1.0,14546.23320256611
4.864457311942277e+21,14043.57824887667,1.0,14130.8166132447
5.25576885148685e+21,14797.44258496454,1.0,14889.418134668922
5.582745999044402e+21,15286.221054272428,1.0,15381.668239847088
6.014817042894444e+21,15846.467170399936,1.0,15945.432710569492
6.254044361141485e+21,16251.888257356944,1.0,16354.106774540522
6.417656415673307e+21,15772.705232541957,1.0,15871.762128108869
6.850700617633695e+21,16526.130137916138,1.0,16631.25128570859
7.179678111993084e+21,16622.897240325692,1.0,16728.801215108633
7.305056830862819e+21,16229.366771058221,1.0,16337.510322376364
7.523105472207244e+21,16369.50151055427,1.0,16479.701166276696
8.353979809874229e+21,17128.215464747314,1.0,17244.792622545214
8.325392490964839e+21,16355.866547367836,1.0,16471.163525429627
8.822102057760785e+21,17083.48016894066,1.0,17204.47307441202
8.790765951251618e+21,16311.862420079635,1.0,16426.90469014516
9.517894156909397e+21,16992.272612463446,1.0,17109.733496999692
9.875443368807855e+21,17121.19638322873,1.0,17235.790460336084
1.0589260166392023e+22,17442.297572917632,1.0,17561.45961546132
1.0503095356418091e+22,16802.402467238546,1.0,16916.34257711553
1.1425582221572293e+22,17892.519488045626,1.0,18013.62529287719
1.1757495385108968e+22,17993.39250301377,1.0,18114.914250871923
1.219958896908445e+22,17823.34846623899,1.0,17944.394220665745
1.286079449161986e+22,18160.40367028222,1.0,18285.446217620338
1.3387534051613134e+22,18154.92431328682,1.0,18281.044442287148
1.3861640182516962e+22,17876.18014115337,1.0,18000.40167032896
1.3723980233864385e+22,16903.084554792043,1.0,17021.6712311457
1.354227473556802e+22,16069.454850101898,1.0,16183.272496123027
1.4719667185627777e+22,17068.633626557217,1.0,17189.716060840747
1.592645909984147e+22,17472.614047230574,1.0,17595.96268353054
1.5769440139576135e+22,16712.315611911316,1.0,16826.522371386105
1.5242520066752338e+22,15334.813693481517,1.0,15436.467425986544
1.5636981243559822e+22,15356.754744914151,1.0,15457.321215991125
1.74882903639286e+22,16551.46173672348,1.0,16660.058094692995
1.8735974951652724e+22,16935.25901765003,1.0,17047.68074682777
1.9567009120633278e+22,17211.082226449776,1.0,17324.388499353176
2.0002218537494407e+22,17075.530496607415,1.0,17186.783662822494
2.1701527015565782e+22,17946.49251835079,1.0,18064.840714424863
2.2787710144221865e+22,18322.692637398068,1.0,18443.77420265626
2.5342371965360146e+22,18595.808495128007,1.0,18718.5227798622
2.5780085413945845e+22,17887.870528712523,1.0,18004.075016062045
3.026383520939555e+22,19654.634035388823,1.0,19776.585976761853
3.268500255381761e+22,20085.39364294738,1.0,20207.87128445749
3.386283930584698e+22,20269.270601254088,1.0,20394.76075093387
3.5816047877008233e+22,20732.397489826373,1.0,20860.879367587077
3.7155675515751974e+22,20748.227919253706,1.0,20874.25672040332
3.861920041864193e+22,20941.598913673803,1.0,21067.860967220593
3.974228538601645e+22,20692.355354059084,1.0,20819.73071596688
4.327557326826024e+22,21352.892583200286,1.0,21483.258552820742
4.438005244921278e+22,21570.516139714047,1.0,21702.623023650576
4.533839530180108e+22,21331.962624801075,1.0,21461.39629058507
5.0026158684030796e+22,22523.810094674893,1.0,22662.244067925396
5.21419150132545e+22,22804.681105603086,1.0,22945.705239409883
5.474421370773601e+22,23551.90019889652,1.0,23697.8470863609
5.647122941757396e+22,23686.959041625098,1.0,23834.17611786565
6.096091804118876e+22,24560.04992963742,1.0,24712.621040724425
6.0110147469005925e+22,23639.571677540516,1.0,23785.739538638547
6.17840948557228e+22,23665.164823421488,1.0,23809.189001980933
6.4875214905449466e+22,23844.141625161246,1.0,23988.96600249653
7.375520457127758e+22,25031.657133113138,1.0,25179.82251698159
7.717855239145344e+22,25199.729691767712,1.0,25345.82657485167
8.1233436355548e+22,25727.608589404925,1.0,25876.666813515323
8.790002077693876e+22,26602.11470386304,1.0,26754.116174180737
8.890366321416984e+22,26176.197822100785,1.0,26322.96671325995
